"Freq [GHz]","re(St(P1,P1)) []","im(St(P1,P1)) []","re(St(P1,P2)) []","im(St(P1,P2)) []","re(St(P2,P1)) []","im(St(P2,P1)) []","re(St(P2,P2)) []","im(St(P2,P2)) []"
0,0.00459152633305848,0,0.995420702049159,0,0.995420705192373,0,0.00459152741291291,0
0.5,0.00500236238389817,0.000962303492023864,0.994921125615761,-0.00696543507255498,0.99492112356868,-0.00696543257702942,0.00500247800694709,0.0009618089494694
1,0.00534323671104175,0.00142547986351715,0.994353364271628,-0.0134046862945496,0.994353364189879,-0.0134046858437955,0.005343526222374,0.00142431085804517
1.5,0.00522865956785346,0.00176849004666835,0.993822159002656,-0.0199190780412764,0.993822159106383,-0.0199190775247295,0.0052289315509384,0.00176655062352893
2,0.00518842857928625,0.00215983933383868,0.99318811161059,-0.0262733309884045,0.993188111859598,-0.026273330504047,0.00518870559750617,0.00215716736407323
2.5,0.00517606150736549,0.00258264071228531,0.992504770379338,-0.0324816163236505,0.992504770705468,-0.032481615926045,0.00517635126315685,0.00257925135974268
3,0.0051771889111758,0.00302680903320329,0.99180395247838,-0.0385712886624443,0.991803952816123,-0.0385712883672245,0.0051774962693254,0.00302270941305949
3.5,0.00518639766604734,0.0034874672231453,0.991099093616387,-0.044570419358859,0.991099093917458,-0.0445704191579104,0.00518672677125753,0.00348266109571505
4,0.00520133139339007,0.00396244831428305,0.990391774764152,-0.05050200435101,0.990391774999826,-0.050502004226205,0.00520168620546024,0.00395693788273377
4.5,0.00522085754291757,0.00445102896701233,0.989677349871343,-0.0563827133462684,0.989677350029136,-0.056382713277972,0.0052212420159532,0.00444481571475563
5,0.00524439801081733,0.00495331687049649,0.988948625357183,-0.0622237046391874,0.988948625436255,-0.0622237046102496,0.0052448161695865,0.00494640203554031
5.5,0.00527165203072733,0.00546994535317147,0.98819789873261,-0.0680319963141613,0.988197898739756,-0.0680319963111584,0.00527210801086542,0.00546233025652487
6,0.00530246955442926,0.00600191674827144,0.987417938803353,-0.0738117367678486,0.987417938750023,-0.0738117367809439,0.00530296762739468,0.00599360306821062
6.5,0.00533678857558934,0.00655052213306373,0.986602373823311,-0.0795651835465074,0.986602373723576,-0.0795651835687554,0.00533733316555235,0.00654151217065646
7,0.005374601929173,0.00711730304598213,0.98574578118159,-0.0852933933253262,0.985745781050805,-0.0852933933519022,0.00537519762416477,0.00710760000876487
7.5,0.00541593857986983,0.00770403815969001,0.984843642096416,-0.0909966839933665,0.984843641950349,-0.0909966840208511,0.00541659013741241,0.00769364648316984
8,0.00546085237502275,0.00831274625995704,0.983892245098468,-0.096674933732821,0.98389224495275,-0.0966749337586421,0.00546156472125348,0.00830167198456078
8.5,0.00550941473492808,0.00894570115929394,0.982888578116069,-0.10232776942098,0.982888577985836,-0.102327769443003,0.00551019295526353,0.00893395238115868
9,0.00556170937823972,0.0096054565164172,0.981830226309849,-0.107954682223826,0.981830226209516,-0.107954682240066,0.00556255869658728,0.0095930439331342
9.5,0.00561782796240684,0.010294879933614,0.980715281778734,-0.113555096354311,0.980715281721858,-0.113555096362756,0.00561875370466294,0.0102818175105348
10,0.00567786589436489,0.0110171966505308,0.97954226624338,-0.119128408285268,0.979542266242578,-0.11912840828378,0.00567887343020502,0.0110035024395838
10.5,0.00584065686740885,0.0115502351137149,0.978449135506481,-0.124729479340182,0.978449135505655,-0.124729479337249,0.00584178321848449,0.0115358213829526
11,0.00601105781181042,0.0120806956960142,0.977333060232397,-0.130302236424557,0.977333060231706,-0.130302236420222,0.00601230798155977,0.0120655574266806
11.5,0.00618902217316199,0.0126084627588399,0.976195134183318,-0.135848303321037,0.976195134182903,-0.135848303315354,0.00619040105292922,0.0125925947113408
12,0.00637450140212924,0.0131334216390502,0.975036227455046,-0.141369261881036,0.975036227455035,-0.141369261874071,0.00637601376622492,0.0131168183555652
12.5,0.00656744497724328,0.0136554586893305,0.973857010693977,-0.146866633416977,0.973857010694486,-0.14686663340881,0.00656909547804779,0.0136381144965485
13,0.00676780042861916,0.0141744613180506,0.972657978867031,-0.152341864874099,0.97265797886816,-0.152341864864818,0.00676959359173285,0.0141563703300451
13.5,0.0069755133625711,0.0146903180285967,0.971439474021157,-0.157796319126403,0.97143947402299,-0.157796319116098,0.00697745358200821,0.0146714741498495
14,0.00719052748712176,0.0152029184581641,0.970201706643232,-0.163231268754626,0.97020170664584,-0.163231268743394,0.0071926190205629,0.0151833153867194
14.5,0.0074127846383982,0.0157121534159863,0.968944775375268,-0.16864789270214,0.968944775378711,-0.168647892690078,0.00741503160249304,0.015691784646755
15,0.00764222480788632,0.0162179149209751,0.967668684955151,-0.174047275258296,0.967668684959473,-0.174047275245504,0.00764463117361711,0.0161967737491788
15.5,0.00787878617054683,0.0167200962387768,0.966373362342236,-0.179430406880267,0.966373362347469,-0.179430406866842,0.0078813557586507,0.0166981757635516
16,0.00812240511376325,0.0172185919182208,0.965058671053474,-0.184798186428764,0.965058671059644,-0.184798186414802,0.00812514159022593,0.0171958850463607
16.5,0.00837301626712433,0.0177132978271337,0.963724423782906,-0.190151424455897,0.963724423790026,-0.190151424441491,0.00837592313873925,0.0176897972769994
17,0.00863055253301187,0.0182041111875306,0.962370393408864,-0.195490847242619,0.96237039341694,-0.195490847227857,0.00863363314301233,0.0181798094931023
17.5,0.00889494511798855,0.0186909306101479,0.960996322512465,-0.200817101337024,0.960996322521494,-0.200817101321994,0.00889820264176069,0.0186658201252561
18,0.00916612356496638,0.0191736561283231,0.959601931540568,-0.206130758392519,0.95960193155054,-0.206130758377299,0.00916956100584129,0.0191477290310242
18.5,0.00944401578614515,0.0196521892311932,0.958186925749026,-0.211432320146395,0.958186925759928,-0.211432320131064,0.00944763597127757,0.0196254375283282
19,0.00972854809670121,0.0201264328962312,0.956751001059507,-0.216722223414731,0.956751001071318,-0.216722223399361,0.00973235367303904,0.0200988484281426
19.5,0.0100196452492126,0.020596291621074,0.955293848957165,-0.222000845009339,0.95529384896986,-0.222000844993996,0.0100236386795598,0.0205678660665067
20,0.0103172304688068,0.0210616714546725,0.953815160548245,-0.227268506507047,0.953815160561795,-0.227268506491795,0.010321414027988,0.0210323963358439
20.5,0.0106212254890131,0.0215224800277183,0.952314629887129,-0.232525478821737,0.952314629901505,-0.232525478806633,0.0106256012601407,0.021492346715581
21,0.0109315505883084,0.0219786265823947,0.950791956672314,-0.237771986545692,0.95079195668748,-0.237771986530789,0.0109361204591553,0.0219476263020733
21.5,0.011248124627331,0.0224300220013831,0.949246848400567,-0.243008212039677,0.949246848416486,-0.243008212025026,0.0112528902868215,0.0223981458378135
22,0.0115708650867588,0.0228765788361815,0.94767902205873,-0.24823429926116,0.947679022075364,-0.248234299246804,0.0115758280215745,0.0228438177399426
22.5,0.0118996881058284,0.0233182113347057,0.946088205423237,-0.253450357327756,0.946088205440548,-0.253450357313735,0.0119048495971368,0.0232845561280528
23,0.0122345085214792,0.0237548354681718,0.944474138028778,-0.258656463818826,0.944474138046724,-0.258656463805177,0.0122398696417909,0.0237202768512761
23.5,0.0125752399081125,0.0241863689572797,0.942836571859579,-0.263852667822298,0.942836571878121,-0.263852667809051,0.012580801518268,0.0241508975146851
24,0.0129217946179417,0.0246127312976896,0.941175271809626,-0.269038992736843,0.941175271828721,-0.269038992724029,0.0129275573642375,0.0245763375049872
24.5,0.0132740838219279,0.025033843784805,0.939490015951724,-0.274215438841525,0.939490015971332,-0.27421543882917,0.013280048133381,0.0249965180155378
25,0.013632017551275,0.0254496295378686,0.937780595649621,-0.279381985646276,0.937780595669699,-0.279381985634399,0.0136381836370346,0.0254113620706689
25.5,0.0139955047394761,0.0258600135233849,0.936046815542381,-0.284538594037213,0.936046815562889,-0.284538594025836,0.0140018725863851,0.0258207945493567
26,0.0143644532648955,0.0262649225778839,0.934288493425858,-0.28968520823102,0.934288493446754,-0.289685208220156,0.0143710226352028,0.0262247422082422
26.5,0.014738769993866,0.0266642854300403,0.932505460052249,-0.294821757552473,0.932505460073494,-0.294821757542137,0.0147455404230986,0.0266231337040062
27,0.0151183608242927,0.0270580327221748,0.930697558865454,-0.299948158048807,0.930697558887008,-0.29994815803901,0.015125331619288,0.0270158996151526
27.5,0.0155031307297457,0.027446097031153,0.928864645687074,-0.305064313954122,0.928864645708897,-0.305064313944872,0.0155103009668456,0.0274029724631883
28,0.0158929838040268,0.0278284128887178,0.927006588365463,-0.310170119016296,0.927006588387519,-0.310170119007599,0.015900352327437,0.0277842867332589
28.5,0.0162878233061929,0.028204916801285,0.92512326639814,-0.315265457698213,0.925123266420391,-0.315265457690074,0.0162953887265136,0.0281597788942531
29,0.0166875517060325,0.0285755472692295,0.923214570536066,-0.320350206264321,0.923214570558476,-0.320350206256742,0.0166953123989505,0.0285293874184209
29.5,0.0170920707299628,0.0289402448057163,0.9212804023768,-0.325424233762757,0.921280402399334,-0.325424233755737,0.01710002483512,0.0288930528005522
30,0.0175012814073519,0.0292989519551112,0.919320673952222,-0.330487402912527,0.919320673974845,-0.330487402906066,0.0175094268273716,0.0292507175767522
30.5,0.0179150841172322,0.0296516133110305,0.917335307315467,-0.335539570904477,0.917335307338146,-0.335539570898572,0.0179234185169222,0.0296023263428726
31,0.0183333786354091,0.0299981755340806,0.915324234130751,-0.340580590124072,0.915324234153455,-0.340580590118718,0.0183418994411162,0.0299478257726682
31.5,0.0187560641819309,0.0303385873693633,0.913287395269031,-0.345610308803337,0.913287395291728,-0.345610308798529,0.018764768581059,0.0302871646357281
32,0.0191830394689164,0.0306727996638041,0.91122474041178,-0.350628571608661,0.91122474043444,-0.350628571604392,0.0191919244095901,0.0306202938152698
32.5,0.0196142027487159,0.0310007653834046,0.909136227664639,-0.355635220170586,0.909136227687233,-0.355635220166848,0.0196232649395863,0.0309471663258809
33,0.0200494518623872,0.0313224396304894,0.907021823182248,-0.360630093561139,0.907021823204749,-0.360630093557924,0.0200586877725641,0.0312677373312904
33.5,0.0204886842884656,0.0316377796610672,0.90488150080518,-0.365613028723753,0.904881500827561,-0.365613028721049,0.0204980901475663,0.0315819641622916
34,0.0209317971920053,0.0319467449024013,0.902715241709635,-0.370583860860376,0.902715241731872,-0.370583860858174,0.0209413689902935,0.0318898063349082
34.5,0.0213786874738649,0.0322492969709345,0.900523034070268,-0.375542423779894,0.900523034092334,-0.375542423778182,0.0213884209624639,0.0321912255689714
35,0.0218292518202027,0.0325453996906919,0.898304872736327,-0.38048855021165,0.898304872758201,-0.380488550210417,0.0218391425113547,0.0324861858072067
35.5,0.0222833867521533,0.0328350191123243,0.896060758921164,-0.385422072087441,0.896060758942822,-0.385422072086672,0.0222934299194856,0.0327746532350279
36,0.022740988675634,0.0331181235329727,0.893790699904958,-0.390342820795061,0.89379069992638,-0.390342820794743,0.0227511793544001,0.0330565963011948
36.5,0.0232019539312421,0.0333946835171313,0.891494708750497,-0.395250627406176,0.891494708771662,-0.395250627406296,0.0232122869184868,0.03333198573955
37,0.0236661788441719,0.033664671918737,0.889172804031694,-0.40014532288103,0.889172804052583,-0.400145322881572,0.0236766486987618,0.0336007945920331
37.5,0.0241335597740925,0.033928063904724,0.88682500957452,-0.405026738252218,0.886825009595114,-0.405026738253168,0.0241441608165515,0.0338629982332451
38,0.0246039931648917,0.0341848369803018,0.884451354209938,-0.409894704789605,0.884451354230222,-0.409894704790948,0.0246147194769606,0.0341185743968132
38.5,0.0250773755941927,0.0344349710162625,0.882051871538449,-0.414749054148191,0.882051871558405,-0.41474905414991,0.0250882210180161,0.0343675032038684
39,0.0255536038225109,0.0346784482786406,0.879626599705767,-0.419589618500589,0.87962659972538,-0.419589618502669,0.0255645619593521,0.0346097671939791
39.5,0.0260325748419116,0.0349152534610954,0.877175581189207,-0.424416230655625,0.877175581208463,-0.424416230658049,0.0260436390502599,0.0348453513588984
40,0.0265141859239812,0.0351453737204251,0.874698862594302,-0.429228724164379,0.874698862613188,-0.429228724167132,0.0265253493169076,0.0350742431795568
40.5,0.0269983346668988,0.0353687987156663,0.872196494461199,-0.434026933414901,0.872196494479703,-0.434026933417965,0.0270095901084829,0.035296432666752
41,0.0274849190413451,0.0355855206512775,0.869668531080376,-0.438810693716684,0.869668531098485,-0.438810693720044,0.0274962591419697,0.0355119124060492
41.5,0.0279738374349269,0.035795534324977,0.867115030317229,-0.443579841375882,0.867115030334933,-0.44357984137952,0.0279852545452035,0.035720677607456
42,0.0284649886947379,0.0359988371808451,0.864536053445105,-0.448334213762165,0.864536053462394,-0.448334213766064,0.0284764748977795,0.0359227261604975
42.5,0.0289582721675892,0.0361954293683869,0.861931664986341,-0.453073649367999,0.861931665003206,-0.453073649372142,0.0289698192693098,0.0361180586953841
43,0.0294535877373462,0.0363853138083032,0.859301932560919,-0.457797987861093,0.859301932577352,-0.457797987865464,0.0294651872544024,0.0363066786510219
43.5,0.0299508358586936,0.0365684962658196,0.856646926742321,-0.462507070130644,0.856646926758313,-0.462507070135226,0.029962479003634,0.0364885923507098
44,0.0304499175865162,0.0367449854324908,0.853966720920225,-0.46720073832797,0.85396672093577,-0.467200738332745,0.0304615952496141,0.0366638090864337
44.5,0.0309507345998991,0.0369147930174774,0.851261391169674,-0.471878835902073,0.851261391184768,-0.471878835907025,0.0309624373270767,0.0368323412127362
45,0.0314531892195614,0.0370779338494073,0.848531016126373,-0.476541207630594,0.848531016141009,-0.476541207635706,0.0314649071857042,0.0369942042512578
45.5,0.0319571844172821,0.0372344259900159,0.845775676867782,-0.481187699646592,0.845775676881955,-0.481187699651848,0.031968907394146,0.03714941700709
46,0.0324626238155948,0.0373842908608254,0.842995456799695,-0.485818159461547,0.842995456813401,-0.485818159466929,0.0324743411333594,0.0372980016981748
46.5,0.0329694116756625,0.0375275533842608,0.84019044154802,-0.490432435984919,0.840190441561259,-0.490432435990412,0.03298111217706,0.037439984099048
47,0.0334774528708295,0.0376642421406116,0.837360718855465,-0.495030379540596,0.837360718868231,-0.495030379546184,0.0334891248565957,0.0375753937002627
47.5,0.0339866528428405,0.0377943895423514,0.834506378482858,-0.499611841880504,0.834506378495151,-0.499611841886169,0.0339982840070631,0.0377042638848607
48,0.0344969175371132,0.0379180320273018,0.831627512114885,-0.504176676195641,0.831627512126704,-0.504176676201368,0.0345084948908235,0.037826632123211
48.5,0.0350081533127313,0.0380352102721262,0.82872421326996,-0.508724737124772,0.828724213281304,-0.508724737130547,0.0350196630938781,0.0379425401874848
49,0.0355202668219768,0.0381459694275109,0.825796577214049,-0.513255880760985,0.825796577224917,-0.513255880766791,0.0355316943896449,0.0380520343868189
49.5,0.036033164853212,0.0382503593761939,0.822844700878201,-0.517769964656306,0.822844700888595,-0.517769964662128,0.0360444945636877,0.0381551658239685
50,0.0365467541297265,0.0383484350146445,0.819868682779614,-0.522266847824539,0.819868682789536,-0.522266847830363,0.0365579691917312,0.0382519906737676
50.5,0.0370609410557983,0.0384402565586541,0.816868622946034,-0.526746390742494,0.816868622955484,-0.526746390748304,0.037072023361912,0.0383425704830557
51,0.0375756313995838,0.0385258898722832,0.81384462284331,-0.531208455349729,0.813844622852291,-0.531208455355512,0.0375865613306239,0.0384269724907473
51.5,0.0380907299006161,0.0386054068184518,0.810796785305952,-0.535652905046953,0.810796785314467,-0.535652905052694,0.0381014860994927,0.038505269965379
52,0.0386061397875935,0.0386788856278247,0.807725214470523,-0.540079604693177,0.807725214478576,-0.540079604698863,0.0386166988990181,0.0385775425555966
52.5,0.0391217621897819,0.0387464112803966,0.804630015711727,-0.544488420601748,0.80463001571932,-0.544488420607365,0.0391320985621681,0.0386438766465225
53,0.0396374954228093,0.0388080758911369,0.801511295581045,-0.548879220535335,0.801511295588183,-0.54887922054087,0.0396475807689031,0.0387043657115815
53.5,0.0401532341269357,0.0388639790869988,0.798369161747806,-0.553251873699964,0.798369161754496,-0.553251873705405,0.0401630371401862,0.0387591106449326
54,0.0406688682331742,0.0389142283571838,0.795203722942559,-0.557606250738176,0.795203722948803,-0.557606250743511,0.0406783541578014,0.0388082200538542
54.5,0.0411842817301352,0.0389589393515876,0.792015088902629,-0.561942223721381,0.792015088908434,-0.561942223726596,0.0411934118844327,0.03885181048303
55,0.0416993512025559,0.0389982360932952,0.788803370319764,-0.566259666141458,0.788803370325136,-0.566259666146543,0.0417080824574079,0.0388900065332185
55.5,0.0422139441115997,0.0390322510595504,0.785568678789762,-0.570558452901685,0.785568678794708,-0.570558452906628,0.04222222832985,0.0389229408250195
56,0.0427279167880303,0.0390611250713115,0.782311126763985,-0.574838460307019,0.78231112676851,-0.57483846031181,0.0427357002355409,0.0389507537439616
56.5,0.0432411121132971,0.0390850069139844,0.779030827502668,-0.579099566053803,0.779030827506782,-0.57909956605843,0.0432483348597748,0.0389735928857596
57,0.0437533568719501,0.0391040525909878,0.775727895029956,-0.583341649218913,0.775727895033665,-0.583341649223368,0.0437599522093703,0.0389916121002816
57.5,0.0442644587736042,0.0391184240875169,0.772402444090568,-0.587564590248418,0.772402444093879,-0.58756459025269,0.0442703526928506,0.0390049700099613
58,0.0447742031664557,0.0391282874950323,0.769054590108025,-0.591768270945756,0.769054590110948,-0.591768270949836,0.0447793139490569,0.0390138278541381
58.5,0.0452823495002425,0.039133810319099,0.765684449144388,-0.595952574459482,0.765684449146931,-0.595952574463361,0.0452865875020129,0.0390183464872247
59,0.0457886276480767,0.0391351577673875,0.762292137861411,-0.600117385270604,0.762292137863583,-0.600117385274275,0.0457918953748232,0.0390186823392669
59.5,0.0462927342674307,0.0391324877959874,0.758877773483072,-0.604262589179542,0.758877773484882,-0.604262589182996,0.0462949268685637,0.0390149821380914
60,0.0467943294737152,0.0391259446884838,0.75544147375942,-0.608388073292728,0.755441473760877,-0.608388073295957,0.0467953358052505,0.0390073762010007
60.5,0.0472930342164931,0.0391156509647661,0.751983356931679,-0.612493726008876,0.751983356932793,-0.612493726011874,0.0472927386462925,0.0389959701422008
61,0.047788428885643,0.0391016974800571,0.748503541698565,-0.616579437004938,0.748503541699346,-0.616579437007699,0.0477867140241207,0.0389808349238775
61.5,0.0482800538233201,0.0390841316972304,0.745002147183764,-0.620645097221765,0.745002147184222,-0.620645097224282,0.0482768043526864,0.038961995319981
62,0.0487674125579656,0.0390629443160461,0.741479292904532,-0.624690598849495,0.741479292904678,-0.624690598851762,0.0487625202901123,0.0389394170773383
62.5,0.0492499786759137,0.0390380547371384,0.737935098741371,-0.628715835312681,0.737935098741215,-0.628715835314693,0.0492433488795384,0.0389129933577967
63,0.0497272072560833,0.0390092962309331,0.734369684908746,-0.632720701255169,0.734369684908299,-0.632720701256922,0.0497187661453574,0.0388825314233117
63.5,0.0501985516516775,0.0389764021545707,0.730783171926803,-0.636705092524751,0.730783171926075,-0.636705092526241,0.0501882547160395,0.0388477409553453
64,0.0506634860426973,0.0389389950611294,0.727175680594056,-0.640668906157597,0.727175680593058,-0.640668906158819,0.0506513266284922,0.038808225819426
64.5,0.0511215335507373,0.0388965809771623,0.723547331961008,-0.644612040362474,0.723547331959753,-0.644612040363427,0.0511075508105988,0.0387634813947835
65,0.0515722987921367,0.0388485513426298,0.719898247304687,-0.648534394504783,0.719898247303185,-0.648534394505463,0.051556583854693,0.0387128996533619
65.5,0.0520155026142079,0.0387941949390274,0.716228548104043,-0.652435869090395,0.716228548102306,-0.6524358690908,0.0519982016778369,0.0386557838477085
66,0.0524510155860004,0.0387327214197376,0.712538356016213,-0.656316365749322,0.712538356014252,-0.65631636574945,0.0524323286993806,0.0385913738436913
66.5,0.0528788858824332,0.0386632967294288,0.708827792853597,-0.660175787219214,0.708827792851425,-0.660175787219064,0.0528590605162791,0.0385188817980756
67,0.0532993568536574,0.0385850888459223,0.705096980561752,-0.664014037328702,0.705096980559379,-0.664014037328274,0.0532786760093315,0.0384375361713645
67.5,0.0537128701155942,0.0384973201965045,0.701346041198049,-0.667831020980591,0.701346041195487,-0.667831020979884,0.0536916355834955,0.0383466302938196
68,0.0541200515619972,0.0383993212735464,0.697575096911103,-0.671626644134907,0.697575096908364,-0.671626644133921,0.0540985638643861,0.0382455703030174
68.5,0.0545216801215171,0.0382905789488679,0.693784269920933,-0.675400813791807,0.693784269918029,-0.675400813790543,0.0545002174169306,0.0381339166845377
69,0.0549186418887337,0.03817077318252,0.689973682499852,-0.679153437974368,0.689973682496796,-0.679153437972828,0.0548974404563148,0.0380114141550442
69.5,0.0553118747666411,0.0380397973443151,0.686143456954055,-0.68288442571125,0.686143456950856,-0.682884425709436,0.0552911135040272,0.0378780062192064
70,0.0557023103102475,0.0378977599183528,0.682293715605892,-0.686593687019241,0.682293715602564,-0.686593687017155,0.0556821009974132,0.0377338330738954
70.5,0.0560908196599281,0.0377449683193448,0.678424580776825,-0.690281132885694,0.67842458077338,-0.690281132883338,0.056071203741959,0.0375792140636118
71,0.0564781693082422,0.0375818981826143,0.674536174771032,-0.693946675250866,0.674536174767481,-0.693946675248244,0.0564591208941949,0.0374146180137749
71.5,0.056864990347765,0.0374091532121673,0.670628619859659,-0.697590226990152,0.670628619856013,-0.697590226987268,0.0568464242605929,0.0372406260501275
72,0.0572517624049584,0.0372274212225115,0.666702038265704,-0.701211701896232,0.666702038261975,-0.701211701893091,0.0572335456081846,0.0370578918006395
72.5,0.0576388112673802,0.0370374314841006,0.662756552149522,-0.704811014661131,0.662756552145722,-0.704811014657738,0.0576207758741529,0.0368671032977765
73,0.0580263176595524,0.03683991722557,0.658792283594936,-0.708388080858197,0.658792283591077,-0.708388080854556,0.0580082739304033,0.0366689497628339
73.5,0.0584143338590256,0.0366355855925445,0.654809354595946,-0.711942816924003,0.654809354592039,-0.711942816920121,0.0583960819907638,0.0364640951185662
74,0.0588028047884401,0.0364250958895282,0.65080788704403,-0.71547514014018,0.650807887040086,-0.715475140136064,0.0587841447572515,0.036253158839783
74.5,0.0591915906621309,0.0362090457771806,0.646788002716013,-0.718984968615186,0.646788002712043,-0.718984968610841,0.0591723298078983,0.0360367037962394
75,0.0595804889661614,0.0359879643524567,0.642749823262517,-0.722472221266009,0.642749823258532,-0.722472221261445,0.0595604473343918,0.0358152301315242
75.5,0.0599692543051052,0.0357623106800843,0.638693470196964,-0.725936817799825,0.638693470192974,-0.725936817795048,0.059948267979574,0.0355891739306859
76,0.0603576153222231,0.0355324762840399,0.634619064885132,-0.729378678695596,0.634619064881149,-0.729378678690614,0.0603355380949615,0.0353589093848721
76.5,0.0607452884250753,0.0352987902421514,0.630526728535264,-0.732797725185624,0.630526728531297,-0.732797725180448,0.0607219921840323,0.0351247532769934
77,0.0611319884116839,0.0350615257613301,0.626416582188702,-0.736193879237075,0.626416582184762,-0.736193879231713,0.0611073626069936,0.0348869708112574
77.5,0.0615174363105974,0.0348209073750282,0.622288746711063,-0.739567063533453,0.62228874670716,-0.739567063527916,0.0614913868114523,0.0346457820336399
78,0.061901364853348,0.0345771181536666,0.618143342783936,-0.742917201456056,0.61814334278008,-0.742917201450355,0.0618738124468204,0.0344013683031401
78.5,0.062283522023896,0.0343303065301068,0.613980490897098,-0.746244217065399,0.613980490893298,-0.746244217059543,0.062254400746297,0.0341538784555144
79,0.0626636731064503,0.0340805925079358,0.609800311341243,-0.749548035082616,0.609800311337508,-0.749548035076618,0.0626329285435678,0.0339034344452288
79.5,0.0630416016033838,0.0338280731419608,0.605602924201215,-0.752828580870855,0.605602924197554,-0.752828580864724,0.0630091892510585,0.033650136358396
80,0.0634171093348158,0.0335728272640744,0.601388449349756,-0.756085780416647,0.601388449346178,-0.756085780410398,0.0633829930762896,0.0333940667642717
80.5,0.0637900159707532,0.0333149194813491,0.597157006441732,-0.759319560311288,0.597157006438246,-0.759319560304933,0.0637541667012517,0.0331352944218408
81,0.0641601581912171,0.0330544035045033,0.592908714908873,-0.762529847732204,0.592908714905486,-0.762529847725756,0.0641225526018624,0.0328738773873832
81.5,0.0645273886220329,0.0327913248803347,0.588643693954982,-0.765716570424326,0.588643693951701,-0.7657165704178,0.0644880081428567,0.0326098655842343
82,0.0648915746546708,0.0325257232065494,0.584362062551643,-0.768879656681476,0.584362062548477,-0.768879656674885,0.0648504045487521,0.0323433029017082
82.5,0.0652525972272535,0.0322576339056266,0.580063939434402,-0.772019035327764,0.580063939431358,-0.772019035321123,0.0652096258235869,0.032074228889748
83,0.0656103496196793,0.0319870896287262,0.575749443099426,-0.775134635699004,0.57574944309651,-0.775134635692328,0.0655655676702535,0.0318026801118059
83.5,0.0659647362975285,0.0317141213531084,0.571418691800633,-0.778226387624155,0.571418691797851,-0.778226387617459,0.0659181364435571,0.031528691212445
84,0.0663156718259837,0.0314387592283638,0.567071803547294,-0.781294221406788,0.567071803544653,-0.781294221400088,0.0662672481586351,0.0312522957493641
84.5,0.0666630798652916,0.0311610332186966,0.562708896102099,-0.784338067806593,0.562708896099603,-0.784338067799906,0.0666128275672694,0.0309735268326944
85,0.0670068922524939,0.0308809735810375,0.558330086979684,-0.787357858020919,0.55833008697734,-0.787357858014262,0.0669548073081189,0.0306924176079405
85.5,0.0673470481695277,0.0305986112120475,0.553935493445623,-0.790353523666362,0.553935493443433,-0.790353523659751,0.0672931271323684,0.0304090016130522
86,0.0676834933947723,0.0303139778912621,0.549525232515865,-0.793324996760398,0.549525232513836,-0.793324996753851,0.0676277332032933,0.0301233130349362
86.5,0.0680161796332624,0.0300271064426021,0.545099420956641,-0.796272209703076,0.545099420954774,-0.796272209696611,0.0679585774662642,0.02983538688622
87,0.0683450639197532,0.0297380308323078,0.540658175284802,-0.799195095258769,0.540658175283102,-0.799195095252404,0.0682856170846053,0.0295452591192975
87.5,0.0686701080883587,0.0294467862178181,0.536201611768623,-0.802093586537986,0.536201611767093,-0.80209358653174,0.0686088139361029,0.0292529666914502
88,0.0689912783024174,0.0291534089592493,0.53172984642904,-0.80496761697926,0.531729846427682,-0.804967616973151,0.0689281341647676,0.0289585475922139
88.5,0.0693085446384176,0.0288579366027592,0.527242995041335,-0.807817120331106,0.527242995040151,-0.807817120325155,0.0692435477825016,0.0286620408419387
89,0.0696218807181426,0.0285604078431385,0.52274117313726,-0.810642030634069,0.52274117313625,-0.810642030628294,0.0695550283155376,0.0283634864686977
89.5,0.0699312633836355,0.028260862471446,0.518224496007597,-0.813442282202845,0.518224496006763,-0.813442282197267,0.0698625524908362,0.0280629254692399
90,0.070236672410027,0.0279593413122247,0.513693078705157,-0.816217809608505,0.513693078704499,-0.816217809603145,0.070166099957996,0.0277603997584835
90.5,0.0705380902517527,0.0276558861538327,0.509147036048209,-0.81896854766081,0.509147036047727,-0.818968547655688,0.0704656530426195,0.0274559521110852
91,0.0708355018181488,0.0273505396746316,0.50458648262434,-0.821694431390634,0.504586482624033,-0.821694431385771,0.0707611965274718,0.02714962609785
91.5,0.071128894274843,0.0270433453671231,0.500011532794744,-0.824395396032488,0.50001153279461,-0.824395396027905,0.0710527174581485,0.0268414660191301
92,0.0714182568677662,0.0267343474616181,0.495422300698937,-0.827071377007161,0.495422300698975,-0.827071377002881,0.0713402049703145,0.026531516836848
92.5,0.0717035807669936,0.0264235908506343,0.490818900259899,-0.829722309904487,0.490818900260105,-0.82972230990053,0.07162365013592,0.0262198241064121
93,0.071984858927928,0.0261111210148794,0.486201445189631,-0.832348130466221,0.486201445190003,-0.83234813046261,0.0719030458260831,0.0259064339094491
93.5,0.0722620859676834,0.025796983951459,0.481570048995138,-0.834948774569062,0.481570048995672,-0.83494877456582,0.072178386588612,0.0255913927880547
94,0.072535258054747,0.0254812261047278,0.476924824984827,-0.837524178207805,0.476924824985518,-0.837524178204953,0.0724496685383769,0.0252747476810569
94.5,0.0728043728102757,0.0251638943000796,0.47226588627532,-0.84007427747863,0.472265886276163,-0.840074277476192,0.0727168892589656,0.0249565458626356
95,0.0730694292195631,0.0248450356808329,0.467593345798684,-0.842599008562548,0.467593345799674,-0.842599008560547,0.0729800477142356,0.0246368348835273
95.5,0.0733304275524176,0.0245246976483022,0.462907316310067,-0.845098307708997,0.462907316311197,-0.845098307707456,0.0732391441685639,0.0243156625149462
96,0.0735873692913351,0.0242029278050676,0.458207910395745,-0.847572111219594,0.458207910397008,-0.847572111218536,0.0734941801147296,0.0239930766952893
96.5,0.0738402570665105,0.0238797739014067,0.453495240481578,-0.850020355432054,0.453495240482967,-0.850020355431503,0.0737451582085096,0.0236691254796344
97,0.074089094596842,0.0235552837848285,0.448769418841873,-0.852442976704286,0.448769418843378,-0.852442976704266,0.0739920822091734,0.0233438569920053
97.5,0.0743338866361885,0.0232295053526016,0.444030557608637,-0.854839911398654,0.444030557610252,-0.85483991139919,0.0742349569251682,0.0230173193803442
98,0.0745746389242486,0.0229024865071828,0.439278768781253,-0.857211095866437,0.439278768782965,-0.857211095867551,0.0744737881643735,0.022689560774111
98.5,0.0748113581414989,0.0225742751144108,0.434514164236529,-0.859556466432458,0.434514164238329,-0.859556466434175,0.0747085826883919,0.0223606292444227
99,0.0750440518676998,0.0222449189643396,0.429736855739163,-0.861875959379929,0.42973685574104,-0.861875959382274,0.0749393481703887,0.0220305727666261
99.5,0.0752727285435522,0.0219144657345876,0.424946954952595,-0.864169510935485,0.424946954954537,-0.864169510938481,0.0751660931560743,0.0216994391851945
100,0.0754973974351288,0.0215829629560622,0.420144573450248,-0.866437057254422,0.420144573452242,-0.866437057258095,0.0753888270274649,0.0213672761808435
